{"cameraMode":{"drawMode":0,"name":"Shaded","section":"Shading Mode"},"sceneLighting":false,"audioPlay":false,"sceneViewState":{"m_AlwaysRefresh":false,"showFog":false,"showSkybox":true,"showFlares":false,"showImageEffects":false,"showParticleSystems":false,"showVisualEffectGraphs":true,"m_FxEnabled":false},"in2DMode":false,"pivot":{"x":-1.9919424057006837,"y":0.5704598426818848,"z":0.2092474102973938},"rotation":{"x":0.11014647781848908,"y":-0.6401460766792297,"z":0.09337527304887772,"w":0.7546215057373047},"size":1.8987784385681153,"orthographic":false}