{"cameraMode":{"drawMode":0,"name":"Shaded","section":"Shading Mode"},"sceneLighting":true,"audioPlay":false,"sceneViewState":{"m_AlwaysRefresh":false,"showFog":false,"showSkybox":true,"showFlares":false,"showImageEffects":false,"showParticleSystems":false,"showVisualEffectGraphs":true,"m_FxEnabled":true},"in2DMode":false,"pivot":{"x":-1.3291702270507813,"y":2.3046231269836427,"z":-7.258558750152588},"rotation":{"x":0.13786916434764863,"y":-0.008608045056462288,"z":0.0011812971206381918,"w":0.9904419779777527},"size":3.7027640342712404,"orthographic":false}