{"cameraMode":{"drawMode":0,"name":"Shaded","section":"Shading Mode"},"sceneLighting":false,"audioPlay":false,"sceneViewState":{"m_AlwaysRefresh":false,"showFog":false,"showSkybox":true,"showFlares":false,"showImageEffects":false,"showParticleSystems":false,"showVisualEffectGraphs":true,"m_FxEnabled":false},"in2DMode":false,"pivot":{"x":-0.16191625595092774,"y":2.7004497051239015,"z":3.8732266426086427},"rotation":{"x":-0.295205295085907,"y":-0.044124603271484378,"z":-0.01364950556308031,"w":0.9543180465698242},"size":1.0630146265029908,"orthographic":false}